实体类型（13类）					
实体类型	说明	示例			
Alternative	抗生素替代物物质（标准分类中的具体有效成分）	thymol, zinc glycinate, butyric acid			说明：Alternative 与 Composite_Product 分开，因为复合产品本身不是单一物质，但其组分可以是 Alternative 或其他 Composite_Product（嵌套复合）。Alternative_Class 作为分类节点，便于聚合查询。
Alternative_Class	物质的分类（七大类 + Other）	Plant_Extract, Probiotic, Other			
Composite_Product	复合制剂产品（作为独立实体）	Product X, 某商业益生菌+酶复合制剂			
Literature	文献（以DOI或PMID为唯一标识）	doi:10.xxxx/xxxx			
Experiment	文献下的独立实验单元	Experiment 1 (in vivo), Trial 2	确保每个 Experiment 节点都有一个唯一的 ID（如 Literature_DOI + Exp_01），防止不同文章的实验重名		
Swine_Model	试验动物模型（攻毒模型或常规模型）	E. coli K88 challenge, Normal conditions			
Swine	试验动物参数（品种、性别、日龄、体重等）	Duroc × Landrace × Yorkshire, barrow, 21 days old			
Intervention	干预措施（给药方案）	500 mg/kg thymol in diet for 28 days			
Control_Group	作为结果对比基准的实体	Challenged Control, Basal Diet Control			
Tissue_Site	取样组织/部位	jejunal mucosa, cecal content, serum			
Indicator	测定指标（标准化名称+缩写）	Average Daily Gain (ADG), Shannon index			
Result	显著性结果（三元组：部位+指标+变化方向）	jejunal mucosa + ZO-1 expression + up-regulated			
Method	测定方法	weighing, qPCR, ELISA			
关系链条（6大类）					
关系链条定义了实体之间的语义连接。建议设定以下核心关系：					
2.1 分类与归属关系					
关系名称	头实体类型	尾实体类型	含义	示例	
belongs_to	Alternative	Alternative_Class	物质属于某个一级分类	thymol → Plant_Extract	
has_component	Composite_Product	Alternative	复合产品包含某个组分	Product X → Lactobacillus plantarum	
has_component	Composite_Product	Composite_Product	复合产品包含子复合产品（嵌套）	Product X → Sub-composite Y	
2.2 文献与试验设计关系					
关系名称	头实体类型	尾实体类型	含义	示例	
contains	Literature	Experiment	文献包含独立的试验/研究	Paper A → Experiment 1	
uses_model	Experiment	Swine_Model	试验使用了某个动物模型	Experiment 1 → E. coli K88 challenge	
uses_animal	Experiment	Swine	试验使用了某组动物参数	Experiment 1 → Duroc piglets	
has_intervention	Experiment	Intervention	试验使用了某种干预措施	Experiment 1 → 500 mg/kg thymol	
measures_indicator	Experiment	Indicator	试验测定了某个指标	Experiment 1 → ADG	
uses_control	Experiment	Control_Group	试验设置了某个对照组	Experiment 1 → Challenged Control	
uses	Intervention	Alternative	干预措施使用了某种物质	500 mg/kg thymol → thymol	
uses	Intervention	Composite_Product	干预措施使用了复合产品	Intervention X → Product X	
applied_to	Intervention	Swine_Model	干预措施应用于某个动物模型	thymol intervention → E. coli K88 challenge	
2.3 指标与组织关系					
关系名称	头实体类型	尾实体类型	含义	示例	
measured_in	Indicator	Tissue_Site	指标在某个组织部位测定	Lactobacillus abundance → cecal content	
uses_method	Indicator	Method	指标通过某种方法测定	ADG → weighing	
2.4 结果关系					
关系名称	头实体类型	尾实体类型	含义	示例	"所有直接效应关系的尾实体类型均为 Result，因为 Result 实体本身已经包含了部位、指标、变化方向的三元组信息。
compared_to 用于明确某个结果是在与哪个对照组比较下得到的，对于攻毒模型尤其重要。
重要：这些关系直接连接 Intervention 到 Result 实体（Result 已包含指标、部位、变化方向），因此关系的方向性与 Result 中的 direction 应保持一致。可以简化为：只保留 increases / decreases / upregulates / downregulates / enriches / depletes 六个核心关系，其余通过 Result 的 direction 属性区分。但为了推理的明确性，建议保留多关系。"
increases	Intervention	Result	导致指标数值或活性升高	thymol → (jejunum, VH, increased)	
decreases	Intervention	Result	导致指标数值或活性降低	thymol → (diarrhea_rate, decreased)	
upregulates	Intervention	Result	导致基因或蛋白表达上调	thymol → (jejunal mucosa, ZO-1, up-regulated)	
downregulates	Intervention	Result	导致基因或蛋白表达下调	thymol → (jejunal mucosa, TNF-α, down-regulated)	
enriches	Intervention	Result	导致微生物丰度增加	thymol → (cecal content, Lactobacillus, enriched)	
depletes	Intervention	Result	导致微生物丰度减少	thymol → (cecal content, E. coli, depleted)	
corresponds_to	Result	Indicator	该结果对应哪个指标	Result_01 → ADG	
occurs_in	Result	Tissue_Site	该结果发生在哪个部位	Result_01 → jejunal mucosa	
compared_to	Result	Control_Group	结果的对比基准（如模型对照组）	Result (ADG increased) → Challenged Control	
2.5 属性关系					
关系名称	头实体类型	尾实体类型	含义	示例	
has_synonym	Alternative	Alternative	物质之间的同义关系	Lactobacillus plantarum ↔ Lactiplantibacillus plantarum	
2.6 指标间关系					
关系名称	头实体类型	尾实体类型	含义	示例	以下关系用于表达指标之间的因果、相关、层级及测定方法关联，支持多级推理（如：紧密连接蛋白上调 → 肠道屏障功能改善 → 腹泻率降低）。初期可从文献中提取明确的因果陈述，或借助外部知识库（GO、KEGG、Reactome）补充。
leads_to	Indicator	Indicator	一个指标的变化导致另一个指标的变化（已知生物学通路）	ZO-1 upregulation → intestinal permeability decrease	
correlates_with	Indicator	Indicator	两个指标之间存在统计相关性（正或负）	Lactobacillus abundance → butyrate concentration (positive)	
part_of	Indicator	Indicator	子指标属于父指标（层级关系）	Shannon index → alpha diversity	
属性链条					
所有从文献中直接抽取的实体（Alternative, Composite_Product, Experiment, Swine_Model, Swine, Intervention, Control_Group, Tissue_Site, Indicator, Result, Method）都必须包含 evidence_text 和 source_location 两个通用属性。					
3.1 Alternative（物质）					
属性名	类型	说明	示例		
standard_name	string	标准名称	thymol		
abbreviation	string	常见缩写	THY		
cas_number	string	CAS号（可选）	89-83-8		
source_organism	string	来源生物（若适用）	Thymus vulgaris		
is_synthetic	boolean	是否为合成物质	FALSE		
evidence_text	text	原文证据句子			
source_location	string	来源位置	Table 1		
3.2 Alternative_Class（分类）					
属性名	类型	说明	示例		
class_name	string	分类名称	Plant_Extract		
level	integer	层级（1或2）	1		
description	string	分类定义	植物次生代谢产物...		
3.3 Composite_Product（复合产品）					
属性名	类型	说明	示例		
product_name	string	产品名称	Product X		
manufacturer	string	生产商（若有）	Company ABC		
is_commercial	boolean	是否为商业产品	TRUE		
evidence_text	text	原文证据句子			
source_location	string	来源位置	Methods 2.3		
3.4 Literature（文献）					
属性名	类型	说明	示例		
doi	string	DOI号	10.1016/j.Swine.2023.100123		
pmid	string	PMID号	36789012		
title	string	标题	Effects of thymol on...		
journal	string	期刊名称	Journal of Animal Science		
abstract_conclusion	text	摘要结论句（从Abstract提取）	In conclusion, thymol improved...		
publication_year	integer	发表年份	2023		
publication_date	string	完整出版日期	2023/3/15		
study_design	enum	试验设计	completely_randomized, randomized_block, factorial, cross_over, other		
3.5 Experiment（试验）					
属性名	类型	说明	示例		
experiment_id	string	试验标识或序号	Experiment 1		
description	text	试验简述	In vivo E. coli K88 challenge trial		
evidence_text	text	原文证据句子			
source_location	string	来源位置	Methods 2.3		
3.6 Swine_Model（动物模型）					
属性名	类型	说明	示例		
model_type	enum	模型类型	challenge, normal		
stressor_name	string	应激源名称	E. coli K88		
challenge_method	enum	造模方式	oral_gavage, injection, other		
challenge_dose	string	造模剂量	10^9 CFU		
challenge_timing	string	造模时间点	day 7		
evidence_text	text	原文证据句子			
source_location	string	来源位置	Methods 2.1		
3.7 Swine（动物参数）					
属性名	类型	说明	示例		
breed	string	品种	Duroc × Landrace × Yorkshire		
sex	enum	性别	boar, sow, barrow, male, female, mixed		
age	string	初始日龄	21 days		
physiological_stage	string	生理阶段	weaned		
initial_body_weight	string	初始体重	7.5 ± 0.2 kg		
sample_size	integer	每组动物数	12		
evidence_text	text	原文证据句子			
source_location	string	来源位置	Methods 2.2		
3.8 Intervention（干预措施）					
属性名	类型	说明	示例	intervention_target 与 uses 关系所指向的 Alternative 或 Composite_Product 的 standard_name 或 product_name 保持一致，避免数据不一致。	
intervention_target	string	关联的物质或产品名称	thymol / Product X		
dose_value	float	剂量数值	500		
dose_unit_original	string	原始单位	mg/kg		
dose_unit_standard	string	标准化单位	mg/kg_feed, mg/kg_BW, g/kg, ppm, other		
administration_route	string	给药途径	diet, drinking_water, oral_gavage, injection, topical, other		
duration	string	试验周期	28 days		
basal_diet	string	基础日粮类型	corn-soybean meal		
positive_control	string	阳性对照（若有）	colistin sulfate 20 mg/kg		
evidence_text	text	原文证据句子			
source_location	string	来源位置	Methods 2.3		
3.9 Control_Group（对照组）					
属性名	类型	说明	示例		
group_name	string	对照组名称	Challenged Control		
group_type	string	对照组类型	negative_control, positive_control, basal_control, sham		
description	string	对照组的详细描述	攻毒但不接受任何干预		
evidence_text	text	原文证据句子	...		
source_location	string	来源位置	Methods 2.4		
3.10 Tissue_Site（组织部位）					
属性名	类型	说明	示例		
site_name	string	部位名称	cecal content		
site_category	enum	部位类别	content, mucosa, serum, tissue, feces		
evidence_text	text	原文证据句子			
source_location	string	来源位置	Methods 2.4		
3.11 Indicator（指标）					
属性名	类型	说明	示例		
standard_name	string	标准全称	Average Daily Gain		
abbreviation	string	常用缩写	ADG		
unit	string	单位	g/d		
measurement_method	string	测定方法	weighing		
indicator_category	enum	指标层级	macro_phenotype, microbiome, metabolome, molecular		
evidence_text	text	原文证据句子			
source_location	string	来源位置	Methods 2.5		
3.12 Result（结果）					
属性名	类型	说明	示例		
direction	enum	变化方向	increased, decreased, no_significant_change	提到的重要但不显著（P>0.1）的结果，方向填 no_significant_change，显著程度填 not_significant。	
p_value	float	P值（原始）	0.023		
p_value_original_text	string	原始P值表述	P < 0.05		
corrected_significance	string	校正后显著性（若有）	FDR < 0.05		
effect_size	string	效应量（可选）	fold change 1.5		
time_point	string	时间点（可选）	day 14		
subgroup	string	亚组条件（可选）	barrow		
significance_level	enum	显著程度	p_less_0.01, p_less_0.05, trend_0.05_0.1, not_significant		
evidence_text	text	原文证据句子			
source_location	string	来源位置	Results 3.2 / Figure 2		
3.13 Method（测定方法）					
属性名	类型	说明	示例		
method_name	string	方法名称	qPCR		
description	string	方法描述	Quantitative real-time PCR using SYBR Green		
evidence_text	text	原文证据句子	...		
source_location	string	来源位置	Methods 2.6		